id,first_name,last_name,email,gender,age
1,Anni,Hancell,ahancell0@unblog.fr,Female,66
2,Granville,Pryce,gpryce1@engadget.com,Male,69
3,Garry,Witherby,gwitherby2@live.com,Male,54
4,Wally,Harty,wharty3@loc.gov,Male,59
5,Hyman,Hickisson,hhickisson4@spotify.com,Male,67
6,Paulie,Brandreth,pbrandreth5@phoca.cz,Female,27
7,Blake,Whitehorne,bwhitehorne6@webeden.co.uk,Male,38
8,Orlan,Hares,ohares7@printfriendly.com,Male,38
9,Lucita,Swatland,lswatland8@usa.gov,Female,32
10,Linnet,Dethloff,ldethloff9@imdb.com,Genderfluid,8
11,Justinn,Lemmon,jlemmona@creativecommons.org,Female,70
12,Carmine,Sterman,cstermanb@bigcartel.com,Bigender,83
13,Bryanty,Monteith,bmonteithc@pbs.org,Male,2
14,Cornall,Lampart,clampartd@de.vu,Agender,40
15,Fitzgerald,Bowhey,fbowheye@engadget.com,Male,8
16,Niki,Bansal,nbansalf@state.gov,Male,49
17,Reinhard,Whithalgh,rwhithalghg@admin.ch,Polygender,40
18,Esteban,Darrow,edarrowh@cdbaby.com,Non-binary,70
19,Verena,Eastgate,veastgatei@tinypic.com,Female,47
20,Daria,Essame,dessamej@sourceforge.net,Female,73
21,Amos,Breissan,abreissank@shop-pro.jp,Male,82
22,Stavro,Haig,shaigl@github.com,Male,86
23,Merissa,Locarno,mlocarnom@rakuten.co.jp,Female,16
24,Marthe,Gidley,mgidleyn@cdbaby.com,Female,59
25,Jesse,Graeser,jgraesero@hud.gov,Female,88
26,Krissie,Vlasyuk,kvlasyukp@cnbc.com,Female,42
27,Jemie,Caesmans,jcaesmansq@instagram.com,Polygender,25
28,Jacinta,Midlar,jmidlarr@weather.com,Female,55
29,Wayne,Orringe,worringes@prweb.com,Male,43
30,Ruggiero,McPhillimey,rmcphillimeyt@princeton.edu,Genderqueer,14
31,Carmen,Leijs,cleijsu@people.com.cn,Female,48
32,Derk,Athersmith,dathersmithv@163.com,Male,73
33,Augustin,Dalton,adaltonw@msu.edu,Male,55
34,Krispin,Mc Cahey,kmccaheyx@umn.edu,Male,84
35,Neila,Grigoriev,ngrigorievy@vkontakte.ru,Female,28
36,Stavros,Spincke,sspinckez@bbc.co.uk,Male,57
37,Wileen,Karlolak,wkarlolak10@4shared.com,Female,18
38,Avrom,Jedraszek,ajedraszek11@blogs.com,Male,34
39,Marty,Cornall,mcornall12@reverbnation.com,Male,66
40,Gusty,Figgs,gfiggs13@tiny.cc,Female,43
41,Homer,Toretta,htoretta14@wisc.edu,Bigender,69
42,Lev,Girod,lgirod15@about.com,Male,74
43,Stafani,Zecchinii,szecchinii16@adobe.com,Female,12
44,Stanton,Rives,srives17@census.gov,Male,1
45,Bertine,Oakenfall,boakenfall18@mysql.com,Female,68
46,Ivie,Reedshaw,ireedshaw19@pagesperso-orange.fr,Female,23
47,Asa,Mersey,amersey1a@tinyurl.com,Male,67
48,Krystal,Beare,kbeare1b@ebay.com,Female,20
49,Tera,Muckleston,tmuckleston1c@uol.com.br,Bigender,82
50,Chane,Tarren,ctarren1d@house.gov,Male,69
51,Raquel,Costar,rcostar1e@ucsd.edu,Female,25
52,Neddie,MacKinnon,nmackinnon1f@discovery.com,Male,51
53,Tabbatha,Gomersall,tgomersall1g@oaic.gov.au,Female,67
54,Nickolas,Piggins,npiggins1h@infoseek.co.jp,Male,73
55,Evelin,Meron,emeron1i@php.net,Male,59
56,Jena,Holby,jholby1j@zimbio.com,Female,50
57,Lorianna,Faust,lfaust1k@typepad.com,Female,24
58,Jolene,Wakes,jwakes1l@comsenz.com,Female,38
59,Antons,Partkya,apartkya1m@theglobeandmail.com,Male,72
60,Jeffrey,Frudd,jfrudd1n@time.com,Male,22
61,Farrand,Abrahamovitz,fabrahamovitz1o@army.mil,Female,1
62,Timmie,Ravenshear,travenshear1p@cnn.com,Female,7
63,Rosie,Fawdrie,rfawdrie1q@linkedin.com,Female,47
64,Eveleen,Topling,etopling1r@un.org,Non-binary,11
65,Linnell,Elvin,lelvin1s@g.co,Female,66
66,Franklyn,Petyt,fpetyt1t@cornell.edu,Male,3
67,Tessi,Rate,trate1u@altervista.org,Female,19
68,Northrop,Crankhorn,ncrankhorn1v@com.com,Male,25
69,Marcelline,Werndley,mwerndley1w@google.com.br,Female,39
70,Wanda,Avieson,wavieson1x@hexun.com,Polygender,68
71,Jermayne,Treen,jtreen1y@twitpic.com,Male,5
72,Shurwood,Houldcroft,shouldcroft1z@japanpost.jp,Male,56
73,Romy,Bavister,rbavister20@ebay.co.uk,Female,17
74,Zoe,Heelis,zheelis21@homestead.com,Non-binary,24
75,Adella,Renak,arenak22@mapy.cz,Female,58
76,Natalee,Caverhill,ncaverhill23@arstechnica.com,Female,24
77,Ban,Castelletti,bcastelletti24@paypal.com,Male,83
78,Ashlie,Spinage,aspinage25@cyberchimps.com,Female,76
79,Stan,Monksfield,smonksfield26@apache.org,Male,69
80,Uriah,Antoniottii,uantoniottii27@bizjournals.com,Male,12
81,Steven,Maleney,smaleney28@reddit.com,Male,42
82,Lamar,Kisby,lkisby29@imageshack.us,Male,68
83,Herschel,Hightown,hhightown2a@usgs.gov,Agender,5
84,Ive,Andrez,iandrez2b@abc.net.au,Male,20
85,Roby,Jennemann,rjennemann2c@miitbeian.gov.cn,Polygender,51
86,Marlyn,Saphin,msaphin2d@wikipedia.org,Female,90
87,Florence,Perford,fperford2e@go.com,Female,44
88,Abbey,Thurlbeck,athurlbeck2f@biblegateway.com,Male,46
89,Katine,Sommerled,ksommerled2g@devhub.com,Female,89
90,Veronique,O'Neal,voneal2h@t.co,Female,4
91,Andros,Perring,aperring2i@symantec.com,Male,85
92,Stephan,Resdale,sresdale2j@jugem.jp,Male,11
93,Bradney,Cool,bcool2k@spiegel.de,Male,48
94,Barrie,Gerry,bgerry2l@pen.io,Female,6
95,Tybie,Osanne,tosanne2m@e-recht24.de,Female,14
96,Benson,Beverage,bbeverage2n@deliciousdays.com,Male,54
97,Ryun,Halcro,rhalcro2o@sitemeter.com,Male,22
98,Chrystal,Doogan,cdoogan2p@businessinsider.com,Female,13
99,Frances,Landsman,flandsman2q@fda.gov,Female,79
100,Minette,Grzegorczyk,mgrzegorczyk2r@i2i.jp,Female,37
101,Jane,McShirie,jmcshirie2s@squarespace.com,Female,7
102,Oliver,Bloss,obloss2t@w3.org,Male,45
103,Floyd,Partlett,fpartlett2u@hostgator.com,Male,69
104,Clark,Mathelin,cmathelin2v@soup.io,Male,43
105,Miner,Bleddon,mbleddon2w@nyu.edu,Male,9
106,Jeromy,Kiehnlt,jkiehnlt2x@sbwire.com,Male,72
107,Prent,Lethebridge,plethebridge2y@ask.com,Genderqueer,27
108,Homerus,Muddicliffe,hmuddicliffe2z@sitemeter.com,Male,52
109,Marissa,Swainson,mswainson30@phpbb.com,Non-binary,39
110,Glenn,Howland,ghowland31@comsenz.com,Female,14
111,Harrison,Hearse,hhearse32@youtube.com,Male,78
112,Dodi,Cleugher,dcleugher33@usatoday.com,Female,76
113,Julie,Artingstall,jartingstall34@arstechnica.com,Female,2
114,Gaspard,Cortin,gcortin35@phpbb.com,Male,34
115,Bernadette,Janc,bjanc36@nbcnews.com,Female,9
116,Lefty,Stenners,lstenners37@yahoo.co.jp,Male,23
117,Mattheus,Vallis,mvallis38@blogtalkradio.com,Male,6
118,Leonanie,Tunnicliffe,ltunnicliffe39@constantcontact.com,Female,22
119,Ossie,Starkey,ostarkey3a@youtube.com,Male,37
120,Tammie,Beswell,tbeswell3b@google.ru,Female,14
121,Fara,Littlekit,flittlekit3c@vimeo.com,Female,70
122,Drucie,O'Lenane,dolenane3d@accuweather.com,Female,80
123,Lynn,List,llist3e@redcross.org,Female,24
124,Benedetto,Grouse,bgrouse3f@noaa.gov,Male,68
125,Chip,Braam,cbraam3g@harvard.edu,Male,46
126,Mel,Poxton,mpoxton3h@npr.org,Male,86
127,Johnathon,Lemmertz,jlemmertz3i@ocn.ne.jp,Male,84
128,Curran,Chastel,cchastel3j@stanford.edu,Male,38
129,Christian,Playdon,cplaydon3k@taobao.com,Male,64
130,Karlik,Billborough,kbillborough3l@msu.edu,Male,29
131,Toddie,Clewes,tclewes3m@4shared.com,Male,64
132,Carmelia,Crookston,ccrookston3n@a8.net,Female,10
133,Drusi,Sigfrid,dsigfrid3o@spotify.com,Female,40
134,Clerc,Knibbs,cknibbs3p@desdev.cn,Male,29
135,Malia,Joriot,mjoriot3q@wunderground.com,Genderfluid,47
136,Berna,Shickle,bshickle3r@craigslist.org,Female,53
137,Kayne,Hendrix,khendrix3s@odnoklassniki.ru,Non-binary,35
138,Rosalynd,Kitlee,rkitlee3t@si.edu,Female,71
139,Chick,Drohane,cdrohane3u@theguardian.com,Male,10
140,Elihu,Deller,edeller3v@nymag.com,Male,60
141,Reamonn,Tree,rtree3w@theguardian.com,Male,21
142,Melvyn,Vosse,mvosse3x@oracle.com,Male,37
143,Deerdre,Dicey,ddicey3y@berkeley.edu,Female,68
144,Corrinne,Clemmett,cclemmett3z@theatlantic.com,Female,50
145,Horst,Dabell,hdabell40@cbc.ca,Male,7
146,Avery,Beneze,abeneze41@patch.com,Non-binary,22
147,Greggory,Mortell,gmortell42@disqus.com,Male,3
148,Faber,Nears,fnears43@nasa.gov,Male,84
149,Dimitri,Howitt,dhowitt44@sbwire.com,Male,82
150,Hardy,Shallcrass,hshallcrass45@skype.com,Male,48
151,Elianore,Mawne,emawne46@geocities.com,Female,55
152,Barbe,Baltrushaitis,bbaltrushaitis47@nbcnews.com,Female,40
153,Khalil,Lobb,klobb48@google.co.jp,Male,66
154,Giacopo,Dillimore,gdillimore49@google.com.au,Male,83
155,Alicea,Wernham,awernham4a@ycombinator.com,Female,8
156,Justina,Briar,jbriar4b@is.gd,Female,71
157,Banky,Spreckley,bspreckley4c@de.vu,Male,50
158,Mathe,Ungerecht,mungerecht4d@google.es,Non-binary,29
159,Emlynne,Leverson,eleverson4e@indiatimes.com,Female,37
160,Uriah,Cork,ucork4f@wordpress.com,Male,20
161,Hasty,Wrighton,hwrighton4g@yellowbook.com,Male,42
162,Jared,Kingsmill,jkingsmill4h@tiny.cc,Male,86
163,Edlin,Dubbin,edubbin4i@kickstarter.com,Male,17
164,Ricki,Marrett,rmarrett4j@1und1.de,Female,82
165,Brigit,Bowton,bbowton4k@ameblo.jp,Genderqueer,7
166,Gerrard,Benkin,gbenkin4l@phoca.cz,Non-binary,48
167,Holly-anne,Swanger,hswanger4m@ycombinator.com,Female,28
168,Erna,Cromar,ecromar4n@cdbaby.com,Female,11
169,Bartholemy,Fernez,bfernez4o@dot.gov,Male,21
170,Elisha,Beaudry,ebeaudry4p@cbsnews.com,Male,89
171,Witty,Fieller,wfieller4q@dailymail.co.uk,Male,72
172,Shelden,Vogeler,svogeler4r@gov.uk,Male,86
173,Farrel,De Lasci,fdelasci4s@ebay.com,Male,41
174,Sol,Dashkov,sdashkov4t@ning.com,Male,50
175,Silva,Arnull,sarnull4u@cmu.edu,Female,43
176,Julie,Bellhanger,jbellhanger4v@digg.com,Male,59
177,Thorin,Brownjohn,tbrownjohn4w@nyu.edu,Male,75
178,Abba,Anthoine,aanthoine4x@gizmodo.com,Agender,12
179,Millisent,Abramof,mabramof4y@sbwire.com,Female,4
180,Claudell,Howland,chowland4z@google.com,Male,36
181,Theodor,Corsham,tcorsham50@go.com,Male,57
182,Ursuline,Trusslove,utrusslove51@tripod.com,Female,41
183,Katerine,Brookzie,kbrookzie52@csmonitor.com,Female,64
184,Markos,Gainfort,mgainfort53@whitehouse.gov,Male,8
185,Vite,Dowthwaite,vdowthwaite54@exblog.jp,Male,74
186,Randy,Burner,rburner55@aboutads.info,Female,16
187,Waverly,Piatkow,wpiatkow56@google.com.br,Male,2
188,Norrie,Stedell,nstedell57@hao123.com,Male,44
189,Suzanna,Hawlgarth,shawlgarth58@t-online.de,Female,52
190,Free,Leyninye,fleyninye59@uiuc.edu,Male,34
191,Hastings,Kirkby,hkirkby5a@youtube.com,Male,72
192,Johnnie,Tonna,jtonna5b@discovery.com,Male,84
193,Franky,Enderby,fenderby5c@wix.com,Male,46
194,Jannel,Selesnick,jselesnick5d@bigcartel.com,Female,59
195,Vanya,Higounet,vhigounet5e@mozilla.com,Male,8
196,Bert,Fouch,bfouch5f@friendfeed.com,Female,88
197,Jordain,Lugsdin,jlugsdin5g@wikipedia.org,Female,38
198,Rhody,de Clerc,rdeclerc5h@vimeo.com,Female,76
199,Wallace,Cutbush,wcutbush5i@creativecommons.org,Male,44
200,Eugenie,Creagh,ecreagh5j@hud.gov,Female,57
201,Odille,Udie,oudie5k@cocolog-nifty.com,Female,38
202,Antoine,Fall,afall5l@dedecms.com,Male,55
203,Dav,Sowte,dsowte5m@reuters.com,Male,33
204,Rahel,Linge,rlinge5n@jalbum.net,Female,32
205,Jacenta,Romeo,jromeo5o@google.pl,Non-binary,4
206,Liane,Todhunter,ltodhunter5p@wired.com,Female,15
207,Giorgia,Mateuszczyk,gmateuszczyk5q@forbes.com,Female,11
208,Garwood,Oswick,goswick5r@marriott.com,Male,28
209,Shandie,Bernon,sbernon5s@biblegateway.com,Female,88
210,Bertie,Dahlen,bdahlen5t@youtu.be,Female,70
211,Rudolfo,Barwise,rbarwise5u@wunderground.com,Male,51
212,Lin,Kretchmer,lkretchmer5v@wufoo.com,Male,60
213,Dulcea,McShee,dmcshee5w@marriott.com,Female,51
214,Randy,Shermore,rshermore5x@yolasite.com,Male,45
215,Darby,Deackes,ddeackes5y@reference.com,Male,50
216,Constantia,Blose,cblose5z@eventbrite.com,Female,84
217,Kelci,Van der Velde,kvandervelde60@sun.com,Female,55
218,Martie,Gookey,mgookey61@biglobe.ne.jp,Female,19
219,Eugine,Kerwen,ekerwen62@hibu.com,Female,1
220,Ambrosi,O' Reagan,aoreagan63@techcrunch.com,Male,15
221,Cy,Smale,csmale64@hatena.ne.jp,Male,75
222,Lib,Shoebridge,lshoebridge65@dagondesign.com,Female,89
223,Janice,Kneeland,jkneeland66@ifeng.com,Female,89
224,Farah,Thunder,fthunder67@washingtonpost.com,Female,17
225,Margeaux,Staterfield,mstaterfield68@netlog.com,Female,33
226,Adelle,Pargeter,apargeter69@pagesperso-orange.fr,Female,41
227,Alyda,Iacopo,aiacopo6a@stanford.edu,Female,1
228,Anette,Strutton,astrutton6b@sina.com.cn,Female,23
229,Bryana,Stickel,bstickel6c@techcrunch.com,Female,56
230,Kevin,Toll,ktoll6d@gmpg.org,Male,90
231,Warde,Barth,wbarth6e@ihg.com,Male,2
232,Talya,Croutear,tcroutear6f@fema.gov,Female,41
233,Gussie,Tofts,gtofts6g@prweb.com,Female,87
234,Merle,Revett,mrevett6h@freewebs.com,Male,57
235,Eran,Feary,efeary6i@reverbnation.com,Female,55
236,Son,Storrar,sstorrar6j@geocities.jp,Male,80
237,Currey,Hassin,chassin6k@oaic.gov.au,Male,69
238,Mitchell,Cawthry,mcawthry6l@omniture.com,Male,85
239,Cherish,Isaaksohn,cisaaksohn6m@homestead.com,Female,3
240,Judie,Enriquez,jenriquez6n@purevolume.com,Female,18
241,Myrwyn,Bartlet,mbartlet6o@gov.uk,Male,12
242,Hobey,Tyers,htyers6p@nps.gov,Male,34
243,Ellene,Sturrock,esturrock6q@state.gov,Female,4
244,Faulkner,Pee,fpee6r@opensource.org,Genderfluid,49
245,Annalee,Benini,abenini6s@sourceforge.net,Female,1
246,Brew,Glazebrook,bglazebrook6t@quantcast.com,Male,21
247,Cherri,Casotti,ccasotti6u@cyberchimps.com,Female,4
248,Hernando,Keynes,hkeynes6v@php.net,Male,86
249,Waverly,Cardoo,wcardoo6w@parallels.com,Male,90
250,Cheslie,Carrabott,ccarrabott6x@nydailynews.com,Agender,3
251,Kev,Novkovic,knovkovic6y@yellowpages.com,Male,74
252,Erroll,McGill,emcgill6z@arstechnica.com,Male,26
253,Sig,Balazs,sbalazs70@ca.gov,Male,46
254,Emilio,Keedy,ekeedy71@yandex.ru,Male,85
255,Timmy,Merriman,tmerriman72@princeton.edu,Female,65
256,Janean,Fiddymont,jfiddymont73@mayoclinic.com,Female,37
257,Fiona,Reynard,freynard74@bravesites.com,Female,73
258,Etti,Geane,egeane75@surveymonkey.com,Female,1
259,Ynez,Giddins,ygiddins76@nyu.edu,Female,66
260,Siana,Stoppard,sstoppard77@cafepress.com,Female,15
261,Yolanda,Morey,ymorey78@psu.edu,Female,6
262,Durant,Norquoy,dnorquoy79@t.co,Male,33
263,Gabie,Sherrum,gsherrum7a@networksolutions.com,Female,3
264,Cortney,Rogan,crogan7b@sourceforge.net,Female,77
265,Ellie,Tingle,etingle7c@google.de,Female,26
266,Megen,Cicci,mcicci7d@cnet.com,Female,41
267,Dill,Gabbott,dgabbott7e@behance.net,Agender,61
268,Cathlene,Slayton,cslayton7f@mozilla.org,Female,8
269,Wilfrid,Masselin,wmasselin7g@statcounter.com,Male,37
270,Denice,Gilbertson,dgilbertson7h@nhs.uk,Female,71
271,Marice,St. Louis,mstlouis7i@bluehost.com,Female,61
272,Odessa,Copperwaite,ocopperwaite7j@ameblo.jp,Female,87
273,Daria,Cominello,dcominello7k@discuz.net,Female,7
274,Bette,Schimann,bschimann7l@mlb.com,Female,35
275,Alaster,Decruse,adecruse7m@usa.gov,Male,1
276,Raquela,Scholes,rscholes7n@hp.com,Female,36
277,Troy,Curreen,tcurreen7o@paginegialle.it,Male,8
278,Angel,Ales,aales7p@altervista.org,Male,16
279,Carroll,Willarton,cwillarton7q@rediff.com,Male,47
280,Kaylyn,Romand,kromand7r@apache.org,Female,47
281,Carmina,Malenfant,cmalenfant7s@ezinearticles.com,Female,90
282,Babette,De Domenico,bdedomenico7t@discovery.com,Female,28
283,Dav,Fenners,dfenners7u@disqus.com,Male,13
284,Geralda,Haeslier,ghaeslier7v@cnbc.com,Female,43
285,Ayn,Dollard,adollard7w@sbwire.com,Female,83
286,Velvet,Burehill,vburehill7x@dailymail.co.uk,Female,17
287,Brennen,Bohike,bbohike7y@xing.com,Male,4
288,Paulina,Pyett,ppyett7z@tiny.cc,Polygender,61
289,Hiram,MacNucator,hmacnucator80@issuu.com,Male,7
290,Marlo,Swafield,mswafield81@themeforest.net,Female,45
291,Austine,Ansill,aansill82@artisteer.com,Female,75
292,Drusi,Labone,dlabone83@sakura.ne.jp,Female,16
293,Arni,Harle,aharle84@java.com,Male,56
294,Melicent,Winspare,mwinspare85@spotify.com,Female,3
295,Arlin,Olekhov,aolekhov86@goo.gl,Male,14
296,Lefty,Gillivrie,lgillivrie87@deliciousdays.com,Male,80
297,Cosetta,Burgisi,cburgisi88@histats.com,Female,27
298,Tiertza,Gozzard,tgozzard89@wordpress.org,Female,24
299,Bob,Lukock,blukock8a@hhs.gov,Genderqueer,82
300,Thaddus,Count,tcount8b@homestead.com,Male,13
301,Rona,Cottage,rcottage8c@independent.co.uk,Female,46
302,Janet,Chaytor,jchaytor8d@seesaa.net,Female,16
303,Clem,Warrington,cwarrington8e@jiathis.com,Male,49
304,Stefania,Stanbra,sstanbra8f@redcross.org,Female,53
305,Montgomery,Salomon,msalomon8g@hao123.com,Male,4
306,Den,Sausman,dsausman8h@unicef.org,Male,73
307,Stacey,Marquez,smarquez8i@sciencedirect.com,Female,61
308,Carissa,Minnock,cminnock8j@macromedia.com,Non-binary,39
309,Way,Glassard,wglassard8k@slideshare.net,Male,32
310,Kalvin,Baldack,kbaldack8l@smh.com.au,Male,83
311,Dewie,Skyram,dskyram8m@tiny.cc,Male,63
312,Faustina,Brome,fbrome8n@blogs.com,Female,62
313,Elwood,Ripping,eripping8o@accuweather.com,Male,76
314,Charlie,Filip,cfilip8p@dell.com,Male,14
315,Sean,Joerning,sjoerning8q@discovery.com,Male,2
316,Kurtis,Soppit,ksoppit8r@dailymotion.com,Male,48
317,Morgan,Gronowe,mgronowe8s@jigsy.com,Female,23
318,Mia,Twaite,mtwaite8t@rakuten.co.jp,Genderfluid,15
319,Finlay,Mountlow,fmountlow8u@yolasite.com,Male,35
320,Julianne,McCarroll,jmccarroll8v@mozilla.org,Female,19
321,Marijn,Giacopini,mgiacopini8w@behance.net,Male,42
322,Leonerd,Hussey,lhussey8x@bbc.co.uk,Male,8
323,Nelli,Rowbrey,nrowbrey8y@narod.ru,Female,20
324,Putnem,Vagges,pvagges8z@ovh.net,Male,17
325,Marijo,Gouldthorpe,mgouldthorpe90@github.com,Female,83
326,Zane,Godthaab,zgodthaab91@spiegel.de,Male,28
327,Gilbertina,Ellacott,gellacott92@ask.com,Female,64
328,Inna,Fatharly,ifatharly93@phoca.cz,Female,68
329,Ellissa,Roper,eroper94@bbc.co.uk,Female,18
330,Christyna,Chesterfield,cchesterfield95@stanford.edu,Female,57
331,Romeo,Pibsworth,rpibsworth96@dailymotion.com,Bigender,53
332,Iver,Dron,idron97@oakley.com,Male,69
333,Gottfried,Maris,gmaris98@independent.co.uk,Male,37
334,Ronny,Stiegars,rstiegars99@bloglines.com,Female,31
335,Xever,Spottiswoode,xspottiswoode9a@flickr.com,Male,83
336,Trstram,Illingworth,tillingworth9b@addtoany.com,Male,42
337,Clement,Imloch,cimloch9c@imgur.com,Male,49
338,Katha,Beelby,kbeelby9d@wikipedia.org,Female,43
339,Gerhard,Ubanks,gubanks9e@xing.com,Male,24
340,Maury,Roome,mroome9f@mysql.com,Male,75
341,Mendy,Stainburn,mstainburn9g@tamu.edu,Male,90
342,Leoline,Louche,llouche9h@usatoday.com,Female,80
343,Rabbi,Quinell,rquinell9i@51.la,Male,33
344,Calypso,Middleton,cmiddleton9j@buzzfeed.com,Female,79
345,Enoch,Ninnis,eninnis9k@kickstarter.com,Male,53
346,Dorothy,McGloughlin,dmcgloughlin9l@va.gov,Female,79
347,Cymbre,Prettyjohn,cprettyjohn9m@com.com,Female,89
348,Nickey,Gamage,ngamage9n@walmart.com,Non-binary,11
349,Jessey,Ricardin,jricardin9o@businesswire.com,Non-binary,76
350,Chelsae,Berns,cberns9p@devhub.com,Female,64
351,Dael,Veneur,dveneur9q@hubpages.com,Female,82
352,Del,Feehery,dfeehery9r@macromedia.com,Male,52
353,Onida,Stepney,ostepney9s@wikimedia.org,Female,81
354,Jeremie,Giamo,jgiamo9t@simplemachines.org,Male,80
355,Yetty,Niaves,yniaves9u@admin.ch,Female,77
356,Kevan,Faltin,kfaltin9v@tmall.com,Male,20
357,Conan,Chasemore,cchasemore9w@dailymotion.com,Male,82
358,Garrek,Keenan,gkeenan9x@ed.gov,Male,12
359,Cordy,Salmond,csalmond9y@sciencedirect.com,Polygender,57
360,Keir,Zanazzi,kzanazzi9z@seesaa.net,Male,39
361,Winni,Grey,wgreya0@last.fm,Female,68
362,Zsa zsa,Syme,zsymea1@dmoz.org,Female,13
363,Oriana,Byas,obyasa2@cmu.edu,Female,71
364,Devan,Skough,dskougha3@sphinn.com,Female,14
365,Gena,Sarney,gsarneya4@si.edu,Female,13
366,Zoe,Peevor,zpeevora5@smugmug.com,Female,72
367,Alleyn,Rapp,arappa6@multiply.com,Male,88
368,Lyndell,Fleming,lfleminga7@senate.gov,Genderfluid,20
369,Errol,Carlisso,ecarlissoa8@vinaora.com,Genderqueer,11
370,Wynn,Burstowe,wburstowea9@nifty.com,Male,86
371,Maura,Shepland,msheplandaa@scientificamerican.com,Female,11
372,Gonzalo,Gentner,ggentnerab@twitpic.com,Male,74
373,Rollin,Szepe,rszepeac@youku.com,Male,8
374,Anstice,Graham,agrahamad@taobao.com,Bigender,36
375,Gardner,Middlemass,gmiddlemassae@freewebs.com,Male,50
376,Reggi,Fellman,rfellmanaf@sciencedaily.com,Female,16
377,Mikol,Iaduccelli,miaduccelliag@blogtalkradio.com,Male,12
378,Loria,Pelfer,lpelferah@tmall.com,Female,5
379,Germayne,Borrows,gborrowsai@washington.edu,Male,17
380,Cathrine,Loddon,cloddonaj@uiuc.edu,Female,18
381,Garvey,Boynes,gboynesak@tamu.edu,Male,65
382,Camey,Taillard,ctaillardal@google.fr,Male,40
383,Pauli,Bogays,pbogaysam@yahoo.co.jp,Female,17
384,Inessa,Fairholm,ifairholman@example.com,Female,46
385,Hillier,Thomsson,hthomssonao@github.com,Male,11
386,Richie,Veivers,rveiversap@addtoany.com,Male,14
387,Sal,Compford,scompfordaq@hibu.com,Female,87
388,Jackelyn,Barthropp,jbarthroppar@rediff.com,Female,80
389,Gussy,Hellings,ghellingsas@elpais.com,Female,17
390,Fleur,Ruller,frullerat@discuz.net,Female,16
391,Orbadiah,Janata,ojanataau@ftc.gov,Male,65
392,Bastien,Faustian,bfaustianav@360.cn,Male,74
393,Meryl,Richt,mrichtaw@pcworld.com,Male,59
394,Eddy,Hadcock,ehadcockax@dagondesign.com,Female,9
395,Neville,Kaine,nkaineay@wired.com,Male,30
396,Gasparo,Beaument,gbeaumentaz@cbsnews.com,Male,17
397,Carmina,Klezmski,cklezmskib0@acquirethisname.com,Female,31
398,Milissent,Mathys,mmathysb1@facebook.com,Bigender,58
399,Karole,Beall,kbeallb2@delicious.com,Female,15
400,Silvana,Blackett,sblackettb3@bing.com,Female,18
401,Risa,Baudichon,rbaudichonb4@wsj.com,Non-binary,84
402,Ritchie,Janousek,rjanousekb5@hud.gov,Male,90
403,Josey,Gouck,jgouckb6@cbc.ca,Female,23
404,Gilbert,Wildman,gwildmanb7@uiuc.edu,Male,14
405,Erica,Corroyer,ecorroyerb8@ifeng.com,Female,30
406,Maurie,Russilll,mrussilllb9@wiley.com,Male,87
407,Neysa,Glass,nglassba@goo.ne.jp,Female,23
408,Marcel,Chasemoore,mchasemoorebb@chronoengine.com,Male,44
409,Isaak,Sedgemond,isedgemondbc@narod.ru,Male,16
410,Gearalt,Rimell,grimellbd@nasa.gov,Male,55
411,Carin,Huban,chubanbe@gizmodo.com,Female,4
412,Kaitlin,Ogg,koggbf@unblog.fr,Female,86
413,Beatriz,Anersen,banersenbg@salon.com,Non-binary,15
414,Etta,Lorans,eloransbh@friendfeed.com,Female,76
415,Jamie,Canete,jcanetebi@ehow.com,Male,12
416,Jarrett,Mandel,jmandelbj@angelfire.com,Male,44
417,Raimundo,Jiles,rjilesbk@hostgator.com,Male,59
418,Ernest,Le Port,eleportbl@netvibes.com,Male,37
419,Valeria,Stirrup,vstirrupbm@godaddy.com,Polygender,1
420,Ingmar,Adshead,iadsheadbn@de.vu,Male,63
421,Petrina,Keizman,pkeizmanbo@paypal.com,Female,11
422,Wake,Rennles,wrennlesbp@weebly.com,Male,47
423,Marlo,Zavattari,mzavattaribq@topsy.com,Male,29
424,Boote,Goldby,bgoldbybr@squidoo.com,Male,46
425,Chrisy,Kernes,ckernesbs@people.com.cn,Male,59
426,Marwin,Tarte,mtartebt@cornell.edu,Male,47
427,Paulina,Sapson,psapsonbu@tumblr.com,Female,15
428,Stacie,McMickan,smcmickanbv@devhub.com,Female,72
429,Jayme,Ratnage,jratnagebw@netlog.com,Male,49
430,Theodora,Benkin,tbenkinbx@webs.com,Female,2
431,Almira,Syphus,asyphusby@apache.org,Female,34
432,Gil,Huntar,ghuntarbz@pagesperso-orange.fr,Male,90
433,Maribelle,Peedell,mpeedellc0@tinyurl.com,Female,74
434,Georg,MacKissack,gmackissackc1@time.com,Male,21
435,Halsey,Pattlel,hpattlelc2@skyrock.com,Male,90
436,Nananne,Gravett,ngravettc3@time.com,Female,79
437,Harrie,Sibbons,hsibbonsc4@loc.gov,Female,90
438,Meaghan,Baudain,mbaudainc5@businesswire.com,Female,43
439,Manolo,Whitnell,mwhitnellc6@twitter.com,Male,52
440,Claudette,Brownill,cbrownillc7@google.co.jp,Genderfluid,70
441,Mitchael,Dudman,mdudmanc8@hud.gov,Male,67
442,Salli,Habbergham,shabberghamc9@symantec.com,Female,71
443,Oswald,Meale,omealeca@360.cn,Male,84
444,Ermin,Awmack,eawmackcb@mapquest.com,Male,81
445,Yulma,Millam,ymillamcc@com.com,Agender,12
446,Ruby,Paprotny,rpaprotnycd@google.com.hk,Male,33
447,Beret,Olfert,bolfertce@sciencedirect.com,Female,83
448,Marita,Curgenuer,mcurgenuercf@jiathis.com,Female,89
449,Osbert,Collick,ocollickcg@berkeley.edu,Male,83
450,Yoshiko,Finn,yfinnch@netvibes.com,Female,65
451,Filmer,Kingsnorth,fkingsnorthci@aboutads.info,Male,1
452,Linc,Albisser,lalbissercj@google.it,Male,69
453,Napoleon,Slaight,nslaightck@tiny.cc,Male,53
454,Justino,Fibbings,jfibbingscl@github.io,Polygender,39
455,Leicester,Burton,lburtoncm@bbb.org,Male,1
456,Curr,McGrail,cmcgrailcn@youtu.be,Male,11
457,Moses,Bashford,mbashfordco@craigslist.org,Male,67
458,Maitilde,Deeming,mdeemingcp@nps.gov,Female,76
459,Breena,Toleman,btolemancq@dagondesign.com,Female,80
460,Jean,Stegell,jstegellcr@intel.com,Male,57
461,Kizzie,Mitchener,kmitchenercs@discuz.net,Female,18
462,Jaclin,Maydway,jmaydwayct@illinois.edu,Female,47
463,Hillard,Bultitude,hbultitudecu@biblegateway.com,Male,79
464,Layney,Le Provest,lleprovestcv@stumbleupon.com,Female,63
465,Allegra,Jaycock,ajaycockcw@salon.com,Female,11
466,Ashley,Summergill,asummergillcx@chicagotribune.com,Male,68
467,Aurie,Stallan,astallancy@odnoklassniki.ru,Female,13
468,Gillan,Garlick,ggarlickcz@webmd.com,Female,28
469,Salli,Towne,stowned0@altervista.org,Female,26
470,Brigg,Corselles,bcorsellesd1@twitpic.com,Male,67
471,Gabriello,Trudgeon,gtrudgeond2@google.de,Male,54
472,Cchaddie,Mangenet,cmangenetd3@parallels.com,Male,86
473,Niven,Guillond,nguillondd4@nymag.com,Male,74
474,Curr,Sapena,csapenad5@bing.com,Male,27
475,Enoch,Leroy,eleroyd6@timesonline.co.uk,Male,49
476,Lexie,Wimp,lwimpd7@sun.com,Female,24
477,Aloisia,Crean,acreand8@ucsd.edu,Female,65
478,Tan,Straffon,tstraffond9@imgur.com,Male,37
479,Birch,Wyatt,bwyattda@purevolume.com,Male,23
480,Grannie,Ridge,gridgedb@zdnet.com,Non-binary,79
481,Ugo,Conant,uconantdc@usnews.com,Male,82
482,Morena,Jearum,mjearumdd@photobucket.com,Female,44
483,Marci,Kindred,mkindredde@gnu.org,Agender,37
484,Nickey,Gorges,ngorgesdf@noaa.gov,Male,62
485,Angeline,Henric,ahenricdg@amazon.co.uk,Female,18
486,Eamon,Luxmoore,eluxmooredh@infoseek.co.jp,Male,3
487,Joletta,Gettens,jgettensdi@admin.ch,Female,37
488,Martica,Chislett,mchislettdj@google.com.hk,Female,64
489,Kala,Quartley,kquartleydk@google.com,Female,23
490,Shawna,Collopy,scollopydl@devhub.com,Female,18
491,Lainey,Topham,ltophamdm@independent.co.uk,Female,34
492,Arlyne,Botfield,abotfielddn@live.com,Female,13
493,Jonathon,Livett,jlivettdo@devhub.com,Male,13
494,Dody,Pollicott,dpollicottdp@dell.com,Female,56
495,Llywellyn,Novik,lnovikdq@example.com,Male,16
496,Corny,Gosland,cgoslanddr@comcast.net,Female,36
497,Consuelo,Riccardo,criccardods@typepad.com,Female,48
498,Augusto,Tigner,atignerdt@rambler.ru,Genderfluid,85
499,Galven,Delieu,gdelieudu@ihg.com,Male,86
500,Thorndike,Walenta,twalentadv@rambler.ru,Male,3
501,Ralph,Scarlett,rscarlettdw@myspace.com,Male,21
502,Eberto,Biagini,ebiaginidx@trellian.com,Male,47
503,Woody,Barbier,wbarbierdy@ucoz.ru,Male,25
504,Earvin,Spraging,espragingdz@deviantart.com,Male,26
505,Salmon,Kellett,skellette0@alexa.com,Male,39
506,Davida,Sinnie,dsinniee1@ucsd.edu,Female,75
507,Brena,Nixon,bnixone2@abc.net.au,Female,62
508,Kareem,Smallbone,ksmallbonee3@indiatimes.com,Male,15
509,Kellina,Matczak,kmatczake4@go.com,Female,49
510,Reena,Kix,rkixe5@wsj.com,Female,18
511,Eleonore,Willoughey,ewillougheye6@lulu.com,Female,76
512,Mella,Valenta,mvalentae7@cnn.com,Female,40
513,Daniele,Woolforde,dwoolfordee8@ca.gov,Female,62
514,Barris,Bladge,bbladgee9@biglobe.ne.jp,Male,64
515,Katrinka,Pepineaux,kpepineauxea@hibu.com,Female,81
516,Tadeo,Ruddy,truddyeb@npr.org,Male,69
517,Alix,Yankin,ayankinec@techcrunch.com,Female,27
518,Dolley,Alleburton,dalleburtoned@nba.com,Female,75
519,Fowler,Jest,fjestee@youku.com,Male,58
520,Hillyer,Goulder,hgoulderef@twitpic.com,Male,87
521,Leonid,Teacy,lteacyeg@delicious.com,Male,68
522,Nobie,Bowcock,nbowcockeh@bravesites.com,Non-binary,73
523,Darbie,Hazelhurst,dhazelhurstei@omniture.com,Female,52
524,Borg,Rubinsztein,brubinszteinej@theglobeandmail.com,Male,42
525,Ingamar,Crisford,icrisfordek@wikipedia.org,Male,86
526,Audrie,Usherwood,ausherwoodel@earthlink.net,Female,32
527,Giana,Fear,gfearem@utexas.edu,Female,83
528,Lavinia,Stigger,lstiggeren@latimes.com,Female,46
529,Marianne,Plowright,mplowrighteo@cnn.com,Female,20
530,Patricia,Ethridge,pethridgeep@blogspot.com,Female,38
531,Patrick,McKellen,pmckelleneq@reuters.com,Male,87
532,Kennett,Bortoluzzi,kbortoluzzier@yahoo.com,Male,41
533,Marian,Heinritz,mheinritzes@dagondesign.com,Female,80
534,Ara,Bracco,abraccoet@auda.org.au,Male,25
535,Emalee,Eisig,eeisigeu@blogs.com,Female,21
536,Kristien,Bagshawe,kbagshaweev@salon.com,Female,35
537,Nathanial,Kopke,nkopkeew@typepad.com,Male,54
538,Lauren,Melling,lmellingex@moonfruit.com,Male,61
539,Bobbye,Corneck,bcorneckey@google.com.hk,Female,79
540,Birgitta,Kerfut,bkerfutez@github.io,Genderfluid,17
541,Shirlene,Bunten,sbuntenf0@disqus.com,Female,37
542,Cathy,Jackson,cjacksonf1@oaic.gov.au,Female,1
543,Blondy,Cato,bcatof2@reddit.com,Female,73
544,Theodosia,Elgar,telgarf3@uol.com.br,Genderfluid,24
545,Candide,Manoelli,cmanoellif4@soundcloud.com,Female,70
546,Grantham,Goves,ggovesf5@sourceforge.net,Male,80
547,Glynda,Littrik,glittrikf6@ucla.edu,Agender,24
548,Emmeline,McCosker,emccoskerf7@amazon.de,Female,25
549,Jeni,Stille,jstillef8@google.nl,Female,25
550,Madelon,Nellen,mnellenf9@cnbc.com,Female,53
551,Livy,Dulin,ldulinfa@toplist.cz,Female,18
552,Kristoffer,Swanborough,kswanboroughfb@shop-pro.jp,Male,50
553,Marlo,Rookledge,mrookledgefc@kickstarter.com,Female,63
554,Loralee,Larkby,llarkbyfd@theglobeandmail.com,Female,25
555,Fredia,Warmisham,fwarmishamfe@uol.com.br,Female,89
556,Loleta,Puffett,lpuffettff@guardian.co.uk,Female,23
557,Erek,Emmett,eemmettfg@uiuc.edu,Male,86
558,Andriana,Ishaki,aishakifh@com.com,Female,16
559,Kean,Lehr,klehrfi@eventbrite.com,Male,74
560,Nikolaus,Yeskin,nyeskinfj@bandcamp.com,Male,9
561,Nicko,Pallin,npallinfk@timesonline.co.uk,Male,42
562,Gretel,Mc Elory,gmceloryfl@quantcast.com,Female,90
563,Monro,Vigours,mvigoursfm@nytimes.com,Male,39
564,Cleveland,Fitzroy,cfitzroyfn@epa.gov,Male,37
565,Bertine,Talbot,btalbotfo@webs.com,Female,29
566,Talyah,Mugford,tmugfordfp@jimdo.com,Female,40
567,Tony,Wedgbrow,twedgbrowfq@phoca.cz,Male,75
568,Jakie,Foulks,jfoulksfr@reference.com,Male,2
569,Janice,Iddiens,jiddiensfs@joomla.org,Female,43
570,Ruthi,Martinec,rmartinecft@com.com,Female,2
571,Eugenius,Moston,emostonfu@macromedia.com,Male,16
572,Britt,Ivanikhin,bivanikhinfv@miitbeian.gov.cn,Male,4
573,Anabel,Garnar,agarnarfw@histats.com,Female,57
574,Amalee,Witul,awitulfx@w3.org,Bigender,43
575,Diane-marie,Klassman,dklassmanfy@irs.gov,Female,62
576,Alaric,Loughrey,aloughreyfz@printfriendly.com,Male,69
577,Judye,Nelthorp,jnelthorpg0@jimdo.com,Female,90
578,Ondrea,Snibson,osnibsong1@yahoo.co.jp,Female,60
579,Isak,Foxwell,ifoxwellg2@phpbb.com,Male,26
580,Bondie,Ree,breeg3@ebay.co.uk,Male,21
581,Lavina,Konerding,lkonerdingg4@discuz.net,Female,56
582,Virginie,Rosterne,vrosterneg5@is.gd,Female,58
583,Miles,Grimolbie,mgrimolbieg6@youtube.com,Male,22
584,Chancey,Lofts,cloftsg7@paginegialle.it,Agender,3
585,Eloisa,Owbrick,eowbrickg8@twitter.com,Female,52
586,Monti,Dufall,mdufallg9@lycos.com,Male,53
587,Anders,Silber,asilberga@twitpic.com,Male,53
588,Chloe,Hidderley,chidderleygb@sphinn.com,Female,77
589,Shell,Colchett,scolchettgc@nymag.com,Male,73
590,Peadar,Rubartelli,prubartelligd@theglobeandmail.com,Male,71
591,Pris,Himpson,phimpsonge@ameblo.jp,Female,72
592,Marlo,Alan,malangf@furl.net,Male,64
593,Neddie,Solman,nsolmangg@toplist.cz,Male,50
594,Ase,Hambrook,ahambrookgh@stanford.edu,Male,36
595,Finlay,Spurret,fspurretgi@mapy.cz,Male,62
596,Hyacinthe,Curley,hcurleygj@google.com.br,Female,19
597,Caterina,Tanzer,ctanzergk@nbcnews.com,Female,79
598,Esme,Gretham,egrethamgl@jigsy.com,Non-binary,52
599,Arlyne,Turville,aturvillegm@amazonaws.com,Female,58
600,Forster,McGinlay,fmcginlaygn@blogger.com,Bigender,38
601,Sorcha,Cornill,scornillgo@abc.net.au,Non-binary,6
602,Selene,Fossick,sfossickgp@pbs.org,Female,76
603,Holly-anne,Vann,hvanngq@bizjournals.com,Female,76
604,Teri,Mcasparan,tmcasparangr@wunderground.com,Female,51
605,Kevyn,Stavers,kstaversgs@bloomberg.com,Female,47
606,Becki,Pentycross,bpentycrossgt@cafepress.com,Female,6
607,Myrtle,King,mkinggu@nature.com,Genderfluid,55
608,Hercules,Lytell,hlytellgv@mapquest.com,Male,7
609,Janessa,Murname,jmurnamegw@list-manage.com,Agender,23
610,Bonnee,Filshin,bfilshingx@amazon.co.uk,Agender,17
611,Harland,Juszczak,hjuszczakgy@house.gov,Male,3
612,Kirstin,Creaven,kcreavengz@oakley.com,Female,80
613,Reginauld,Greenig,rgreenigh0@yahoo.co.jp,Male,17
614,Ernesto,Goulden,egouldenh1@ucoz.com,Male,75
615,Selene,Josephsen,sjosephsenh2@tripadvisor.com,Female,66
616,Fernande,Rizziello,frizzielloh3@sina.com.cn,Bigender,62
617,Bertie,Ernshaw,bernshawh4@xinhuanet.com,Female,35
618,Dorelle,Strewther,dstrewtherh5@google.com.hk,Female,20
619,Hurleigh,Olivazzi,holivazzih6@skype.com,Male,15
620,Staford,Hamelyn,shamelynh7@tumblr.com,Male,79
621,Rozanna,Lermouth,rlermouthh8@opera.com,Female,30
622,Kacy,Blazeby,kblazebyh9@gizmodo.com,Female,72
623,Gladys,Balaam,gbalaamha@last.fm,Female,2
624,Allx,Syder,asyderhb@spotify.com,Female,79
625,Guinevere,Peschka,gpeschkahc@issuu.com,Female,70
626,Kathi,Beesley,kbeesleyhd@fda.gov,Female,10
627,Alverta,Bosanko,abosankohe@chron.com,Female,33
628,Pablo,Robertet,probertethf@yellowbook.com,Male,3
629,Erastus,Elsworth,eelsworthhg@bandcamp.com,Male,29
630,Colly,Thickpenny,cthickpennyhh@upenn.edu,Female,18
631,Dall,Thomassin,dthomassinhi@lulu.com,Male,46
632,Christabel,Battleson,cbattlesonhj@foxnews.com,Female,69
633,Fabe,Ficken,ffickenhk@discovery.com,Male,34
634,Marshall,Simonou,msimonouhl@xrea.com,Male,37
635,Gallard,Nockles,gnockleshm@europa.eu,Male,73
636,Gregg,Silverthorne,gsilverthornehn@ehow.com,Male,18
637,Tish,McGebenay,tmcgebenayho@vimeo.com,Female,29
638,Tierney,Shakle,tshaklehp@businesswire.com,Female,38
639,Cully,Fleury,cfleuryhq@last.fm,Male,20
640,Mitchael,Denver,mdenverhr@sohu.com,Male,82
641,Silvano,Farlham,sfarlhamhs@purevolume.com,Male,60
642,Carlin,Foyle,cfoyleht@weibo.com,Genderqueer,67
643,Codie,Alkin,calkinhu@cpanel.net,Female,45
644,Reinaldo,Proudlove,rproudlovehv@artisteer.com,Genderqueer,59
645,Timothy,Wytchard,twytchardhw@telegraph.co.uk,Male,50
646,Renie,Colafate,rcolafatehx@sun.com,Female,85
647,Albina,Saggs,asaggshy@flickr.com,Female,43
648,Aprilette,Plaster,aplasterhz@qq.com,Female,75
649,Bailey,Lethbrig,blethbrigi0@privacy.gov.au,Male,51
650,Jerry,Ivakhin,jivakhini1@aboutads.info,Female,50
651,Marshal,Elcocks,melcocksi2@theglobeandmail.com,Male,60
652,Demetris,Tootal,dtootali3@upenn.edu,Female,7
653,Marys,Hallede,mhalledei4@geocities.com,Female,21
654,Lothario,Offen,loffeni5@ca.gov,Male,68
655,Traci,Greatbatch,tgreatbatchi6@live.com,Female,55
656,Graig,Halvosen,ghalvoseni7@newsvine.com,Male,78
657,Linnea,Dobrowlski,ldobrowlskii8@technorati.com,Female,87
658,Riane,Joesbury,rjoesburyi9@lycos.com,Female,37
659,Reina,Varndall,rvarndallia@bloglines.com,Female,57
660,Olivero,Cicullo,ociculloib@cloudflare.com,Male,44
661,Taffy,Kubelka,tkubelkaic@merriam-webster.com,Bigender,34
662,Timoteo,Kelberer,tkelbererid@shareasale.com,Male,78
663,Nessa,Bassom,nbassomie@amazon.co.uk,Female,12
664,Darb,Normanvill,dnormanvillif@facebook.com,Female,23
665,Eyde,Shenton,eshentonig@bloglines.com,Agender,63
666,Etta,Redit,ereditih@wix.com,Female,55
667,Tiertza,Giggs,tgiggsii@histats.com,Female,53
668,Modestia,Guion,mguionij@tamu.edu,Female,15
669,Andria,Trowler,atrowlerik@over-blog.com,Female,14
670,Diarmid,Darinton,ddarintonil@reference.com,Bigender,10
671,Terrie,McMenemy,tmcmenemyim@rambler.ru,Female,2
672,Siobhan,Scorer,sscorerin@joomla.org,Female,42
673,Michele,Goodinson,mgoodinsonio@dailymail.co.uk,Male,39
674,Rosemary,Donson,rdonsonip@tinypic.com,Female,47
675,Dominik,Markwick,dmarkwickiq@apache.org,Male,20
676,Johnny,MacNeillie,jmacneillieir@google.com.br,Male,11
677,Stan,Lowings,slowingsis@github.io,Male,88
678,Dougie,Wanley,dwanleyit@youtube.com,Male,4
679,Rori,Winchcombe,rwinchcombeiu@bloomberg.com,Female,40
680,Judah,McClarence,jmcclarenceiv@shop-pro.jp,Male,56
681,Beryle,Kissick,bkissickiw@home.pl,Female,84
682,Dolf,Gorini,dgoriniix@marriott.com,Male,19
683,Marsh,Phillipson,mphillipsoniy@nasa.gov,Male,12
684,Yanaton,Kix,ykixiz@nyu.edu,Male,51
685,Pearl,Swindall,pswindallj0@gravatar.com,Polygender,64
686,Charmaine,Leonardi,cleonardij1@wikispaces.com,Female,13
687,Theressa,Myhill,tmyhillj2@amazon.co.jp,Female,35
688,Xaviera,Joblin,xjoblinj3@meetup.com,Female,39
689,Ilysa,Creech,icreechj4@xrea.com,Non-binary,60
690,Korella,Milthorpe,kmilthorpej5@trellian.com,Female,41
691,Thomas,Marquis,tmarquisj6@google.es,Male,22
692,Fraser,Mowne,fmownej7@sogou.com,Male,51
693,Benjy,Wedlock,bwedlockj8@cyberchimps.com,Male,24
694,Bernete,Wash,bwashj9@microsoft.com,Female,71
695,Roosevelt,Pietruszka,rpietruszkaja@kickstarter.com,Male,32
696,Ninnette,Nozzolinii,nnozzoliniijb@admin.ch,Female,66
697,Clarissa,Rennock,crennockjc@meetup.com,Female,60
698,Vito,Quaintance,vquaintancejd@irs.gov,Male,35
699,Audra,Weiner,aweinerje@youtube.com,Female,73
700,Chicky,Plummer,cplummerjf@privacy.gov.au,Male,52
701,Bernie,Asher,basherjg@ehow.com,Male,2
702,Marius,Soppett,msoppettjh@ask.com,Male,44
703,Hansiain,Monier,hmonierji@ucoz.com,Male,33
704,Romain,Ramsbotham,rramsbothamjj@auda.org.au,Male,9
705,Adorne,Couser,acouserjk@friendfeed.com,Female,36
706,Eulalie,Maysor,emaysorjl@theguardian.com,Female,18
707,Langston,Ower,lowerjm@comcast.net,Male,68
708,Min,Wiles,mwilesjn@wikipedia.org,Female,46
709,Alyce,Shilling,ashillingjo@ed.gov,Female,66
710,Brandy,Lubomirski,blubomirskijp@weibo.com,Male,85
711,Dugald,Angelini,dangelinijq@nps.gov,Male,77
712,Berty,De Pero,bdeperojr@xrea.com,Male,30
713,Arlyne,Sent,asentjs@nih.gov,Female,23
714,Lethia,Allderidge,lallderidgejt@dedecms.com,Female,15
715,Dallon,Quinion,dquinionju@quantcast.com,Male,58
716,Ruthi,Warrilow,rwarrilowjv@biglobe.ne.jp,Female,67
717,Daniel,Eaden,deadenjw@xinhuanet.com,Male,32
718,Shaine,Cullivan,scullivanjx@dropbox.com,Female,16
719,Elle,Bosenworth,ebosenworthjy@kickstarter.com,Female,83
720,Franny,Giorgini,fgiorginijz@hibu.com,Female,9
721,Hillery,Meineking,hmeinekingk0@shinystat.com,Male,17
722,Dov,Leversha,dlevershak1@discuz.net,Male,5
723,Jermaine,Kettoe,jkettoek2@amazon.com,Genderqueer,3
724,Shell,Eicheler,seichelerk3@woothemes.com,Male,74
725,Rudy,Delacourt,rdelacourtk4@slideshare.net,Male,48
726,Prent,Watson,pwatsonk5@g.co,Male,45
727,Kristofer,McGurk,kmcgurkk6@gmpg.org,Male,76
728,Hamel,McGreal,hmcgrealk7@nba.com,Male,59
729,Ryley,Deniske,rdeniskek8@list-manage.com,Male,18
730,Reina,Carillo,rcarillok9@alibaba.com,Female,90
731,Rois,Jessope,rjessopeka@psu.edu,Female,19
732,Meggie,Itzig,mitzigkb@mozilla.org,Female,89
733,Forster,Bill,fbillkc@dropbox.com,Male,43
734,Bern,Tireman,btiremankd@zdnet.com,Male,71
735,Kendrick,Danshin,kdanshinke@geocities.jp,Male,8
736,Philis,Alvarado,palvaradokf@ifeng.com,Female,59
737,Conrad,Douche,cdouchekg@china.com.cn,Male,57
738,Farrand,Hinge,fhingekh@alexa.com,Genderqueer,24
739,Harli,Tassell,htassellki@tmall.com,Female,28
740,Tatiania,Marcq,tmarcqkj@seesaa.net,Female,27
741,Inger,Leyfield,ileyfieldkk@mit.edu,Male,68
742,Ketti,Jeduch,kjeduchkl@baidu.com,Female,79
743,Parnell,Searles,psearleskm@businesswire.com,Male,85
744,Shaina,Wallington,swallingtonkn@webeden.co.uk,Female,71
745,Juan,Scritch,jscritchko@fastcompany.com,Male,74
746,Sherwin,Smitton,ssmittonkp@liveinternet.ru,Male,47
747,Hedda,Evins,hevinskq@howstuffworks.com,Female,45
748,Patti,Balshen,pbalshenkr@google.es,Female,19
749,Arty,Sibille,asibilleks@fema.gov,Male,14
750,Tye,Skamal,tskamalkt@ftc.gov,Male,80
751,Peri,Boor,pboorku@php.net,Female,65
752,Manya,Tiler,mtilerkv@clickbank.net,Female,44
753,Addison,Duffit,aduffitkw@imdb.com,Male,69
754,Rawley,Jobern,rjobernkx@state.tx.us,Male,58
755,Marcella,Kringe,mkringeky@mail.ru,Female,12
756,Rolland,Axford,raxfordkz@weibo.com,Male,77
757,Karissa,Gibard,kgibardl0@hud.gov,Female,81
758,Renell,Andreev,randreevl1@wikimedia.org,Polygender,62
759,Inger,Elizabeth,ielizabethl2@java.com,Male,50
760,Derry,Showers,dshowersl3@wordpress.org,Male,38
761,Rhetta,Clench,rclenchl4@abc.net.au,Female,22
762,Tammie,Labuschagne,tlabuschagnel5@mit.edu,Female,25
763,Sada,Brassill,sbrassilll6@hostgator.com,Female,80
764,Paulie,Dand,pdandl7@unicef.org,Female,84
765,Jimmie,McClean,jmccleanl8@nifty.com,Male,42
766,Oralie,Reilinger,oreilingerl9@seattletimes.com,Female,30
767,Gayla,Lowres,glowresla@vk.com,Agender,54
768,Gardener,Tremberth,gtremberthlb@moonfruit.com,Male,20
769,Royce,Penhaligon,rpenhaligonlc@sohu.com,Male,76
770,Tulley,Beeho,tbeehold@umn.edu,Male,57
771,Beck,Darker,bdarkerle@ning.com,Agender,41
772,Adelheid,Bolin,abolinlf@jalbum.net,Female,66
773,Drucy,Etherton,dethertonlg@bandcamp.com,Female,22
774,Dagmar,Pingston,dpingstonlh@mail.ru,Female,70
775,Angele,Readwood,areadwoodli@tiny.cc,Female,8
776,Tildi,Chinnock,tchinnocklj@blog.com,Female,52
777,Redd,Rosingdall,rrosingdalllk@nih.gov,Male,3
778,Amii,Whaymand,awhaymandll@ucoz.com,Agender,44
779,Thatch,Vennings,tvenningslm@ucla.edu,Male,37
780,June,Rumble,jrumbleln@umn.edu,Female,24
781,Gustaf,Widdowson,gwiddowsonlo@engadget.com,Male,63
782,Benjamen,Linch,blinchlp@sphinn.com,Male,51
783,Marin,Olesen,molesenlq@deliciousdays.com,Female,9
784,Clair,Dillingstone,cdillingstonelr@vinaora.com,Female,71
785,Syman,Pennoni,spennonils@ifeng.com,Male,21
786,Monro,Novill,mnovilllt@creativecommons.org,Male,1
787,Wood,Hugin,whuginlu@tmall.com,Male,41
788,Marcelle,Oldfield-Cherry,moldfieldcherrylv@bing.com,Female,12
789,Mortimer,Duchant,mduchantlw@google.es,Male,35
790,Sloane,Pardoe,spardoelx@linkedin.com,Male,90
791,Edgardo,Brotherhed,ebrotherhedly@com.com,Male,28
792,Carolynn,Gauchier,cgauchierlz@goo.ne.jp,Female,62
793,Harmon,Luten,hlutenm0@huffingtonpost.com,Male,24
794,Wilden,Digg,wdiggm1@cyberchimps.com,Male,5
795,Freddie,Gatheridge,fgatheridgem2@webmd.com,Male,49
796,Penn,Satterlee,psatterleem3@google.nl,Male,44
797,Aguste,Pendre,apendrem4@seattletimes.com,Agender,48
798,Riley,Trehearn,rtrehearnm5@pagesperso-orange.fr,Male,79
799,Art,Branca,abrancam6@economist.com,Male,45
800,Gran,Ruecastle,gruecastlem7@ning.com,Male,60
801,Kali,Nunns,knunnsm8@wufoo.com,Female,68
802,Merlina,Hart,mhartm9@bizjournals.com,Female,37
803,Emmott,Beecraft,ebeecraftma@mapy.cz,Male,78
804,Latashia,Eland,lelandmb@kickstarter.com,Female,62
805,Taffy,Cribbins,tcribbinsmc@163.com,Female,36
806,Cinnamon,Skeermor,cskeermormd@skype.com,Female,13
807,Donnajean,Ferraraccio,dferraracciome@tinypic.com,Female,16
808,Kareem,Mahaffey,kmahaffeymf@biglobe.ne.jp,Male,38
809,Courtenay,Liversley,cliversleymg@gravatar.com,Female,66
810,Rab,Roughsedge,rroughsedgemh@ox.ac.uk,Male,44
811,Lila,Aynscombe,laynscombemi@cnn.com,Female,79
812,Malinda,Wince,mwincemj@squarespace.com,Female,47
813,Dusty,Camock,dcamockmk@imdb.com,Female,41
814,Falkner,Hawksby,fhawksbyml@paginegialle.it,Male,23
815,Giselbert,Allingham,gallinghammm@oracle.com,Male,26
816,Fedora,Nelsey,fnelseymn@gov.uk,Female,74
817,Josi,Fearfull,jfearfullmo@digg.com,Female,62
818,Gabriela,Maxted,gmaxtedmp@psu.edu,Female,46
819,Gilberto,Haulkham,ghaulkhammq@t-online.de,Male,14
820,Adamo,Breton,abretonmr@bizjournals.com,Male,90
821,Crichton,McPartling,cmcpartlingms@amazon.com,Male,84
822,Scot,Lembke,slembkemt@nydailynews.com,Male,12
823,Floyd,Hinkes,fhinkesmu@wix.com,Male,79
824,Kissee,Corkel,kcorkelmv@dion.ne.jp,Female,34
825,Tades,Fabri,tfabrimw@mit.edu,Male,88
826,Ludovico,Stienton,lstientonmx@reference.com,Polygender,40
827,Aharon,Beart,abeartmy@sakura.ne.jp,Genderfluid,67
828,Ivor,Olyonov,iolyonovmz@typepad.com,Male,60
829,Kearney,Whebell,kwhebelln0@booking.com,Male,33
830,Zabrina,Schimmang,zschimmangn1@elpais.com,Bigender,17
831,Isahella,Butters,ibuttersn2@usatoday.com,Female,68
832,Fanya,Musico,fmusicon3@jigsy.com,Female,88
833,Chase,Jouanot,cjouanotn4@clickbank.net,Male,48
834,Allina,Lempertz,alempertzn5@weather.com,Female,14
835,Ninon,McKague,nmckaguen6@biglobe.ne.jp,Female,63
836,Murry,Gladstone,mgladstonen7@shinystat.com,Male,53
837,Liva,Andrieux,landrieuxn8@g.co,Female,52
838,Rodina,Fairholm,rfairholmn9@youku.com,Female,71
839,Niall,Rubertis,nrubertisna@posterous.com,Agender,14
840,Hazel,Cridlin,hcridlinnb@opensource.org,Female,54
841,Jozef,Fitton,jfittonnc@ucla.edu,Male,55
842,Nanon,Lawless,nlawlessnd@fc2.com,Female,1
843,Winne,Felce,wfelcene@cbslocal.com,Female,61
844,Berny,Wallis,bwallisnf@technorati.com,Female,70
845,Dede,Pranger,dprangerng@businessinsider.com,Female,6
846,Rose,MacCaffery,rmaccafferynh@hostgator.com,Female,48
847,Ly,Witherden,lwitherdenni@facebook.com,Male,34
848,Miles,Jeffry,mjeffrynj@oakley.com,Male,64
849,Gabrielle,Lesor,glesornk@theglobeandmail.com,Female,80
850,Boigie,Pigne,bpignenl@phoca.cz,Male,41
851,Guthrey,Freezer,gfreezernm@weebly.com,Male,58
852,Saraann,Kilbourne,skilbournenn@howstuffworks.com,Female,3
853,Aldric,Billison,abillisonno@newyorker.com,Male,87
854,Meridel,Bootes,mbootesnp@un.org,Genderfluid,42
855,Merna,Cardero,mcarderonq@ehow.com,Female,89
856,Oriana,Jefferson,ojeffersonnr@archive.org,Female,36
857,Roch,Janeway,rjanewayns@fotki.com,Female,15
858,Thom,Sambals,tsambalsnt@studiopress.com,Non-binary,22
859,Wally,de Guise,wdeguisenu@census.gov,Female,67
860,Meghan,Kira,mkiranv@va.gov,Female,32
861,Fayina,Pawling,fpawlingnw@comsenz.com,Female,77
862,Francisca,Winman,fwinmannx@ted.com,Female,40
863,Ade,Quiddihy,aquiddihyny@cbsnews.com,Male,86
864,Neille,Thayre,nthayrenz@cargocollective.com,Female,35
865,Fairlie,Aylesbury,faylesburyo0@cbslocal.com,Genderfluid,58
866,Bonita,Kilmurray,bkilmurrayo1@tripod.com,Female,72
867,Otto,Tomaini,otomainio2@theglobeandmail.com,Male,82
868,Camey,Cratere,ccratereo3@umich.edu,Male,30
869,Ofella,Ondrak,oondrako4@nhs.uk,Female,11
870,Priscilla,Challiner,pchallinero5@bbb.org,Female,9
871,Natalee,McCurt,nmccurto6@jugem.jp,Female,76
872,Billi,Kleinber,bkleinbero7@seesaa.net,Female,65
873,Juan,Hillam,jhillamo8@spiegel.de,Male,76
874,Lamond,Ferri,lferrio9@ed.gov,Male,2
875,Carlin,Shadbolt,cshadboltoa@dedecms.com,Male,74
876,Cal,Glennie,cglennieob@squarespace.com,Female,77
877,Quill,Lumsdall,qlumsdalloc@arstechnica.com,Male,35
878,Sammie,Malkie,smalkieod@webeden.co.uk,Male,44
879,Kristoffer,Mazillius,kmazilliusoe@shinystat.com,Male,90
880,Anjela,Hauger,ahaugerof@dagondesign.com,Female,25
881,Annabelle,Rockhill,arockhillog@amazon.de,Polygender,66
882,Hyacintha,Tucknott,htucknottoh@yellowpages.com,Female,72
883,Lucita,MacIlory,lmaciloryoi@washington.edu,Female,54
884,Edita,Higginbottam,ehigginbottamoj@nhs.uk,Genderfluid,65
885,Herc,Larmour,hlarmourok@123-reg.co.uk,Male,25
886,Quintin,Jeannequin,qjeannequinol@gizmodo.com,Male,46
887,Alix,Reinger,areingerom@sohu.com,Male,71
888,Ber,Bettis,bbettison@sakura.ne.jp,Male,6
889,Page,McLuckie,pmcluckieoo@columbia.edu,Male,44
890,Hadria,Liepmann,hliepmannop@hibu.com,Female,75
891,Melly,Work,mworkoq@washingtonpost.com,Female,6
892,Geoff,Fewkes,gfewkesor@weibo.com,Male,80
893,Galvan,Giannasi,ggiannasios@list-manage.com,Genderfluid,25
894,Kaycee,Domino,kdominoot@ovh.net,Female,49
895,Pyotr,Tomney,ptomneyou@yahoo.com,Male,18
896,Juliana,Welldrake,jwelldrakeov@comcast.net,Female,35
897,Henderson,Breit,hbreitow@simplemachines.org,Male,37
898,Casey,Lazar,clazarox@scientificamerican.com,Male,14
899,Leslie,Taill,ltailloy@sbwire.com,Female,81
900,Albertine,Gantlett,agantlettoz@paypal.com,Female,57
901,Crystie,Styan,cstyanp0@umn.edu,Female,32
902,Huntley,Wimpey,hwimpeyp1@vistaprint.com,Bigender,44
903,Felipa,Alliban,fallibanp2@psu.edu,Female,62
904,Rachele,Heinssen,rheinssenp3@nhs.uk,Female,10
905,Ellwood,Brewerton,ebrewertonp4@themeforest.net,Male,20
906,Ev,Norcock,enorcockp5@blogs.com,Male,73
907,Bobbee,Greetland,bgreetlandp6@sogou.com,Female,16
908,Letitia,Leinthall,lleinthallp7@cargocollective.com,Female,25
909,Annis,Bredee,abredeep8@springer.com,Female,21
910,Harlene,Axelby,haxelbyp9@hexun.com,Female,11
911,Jamie,Dowty,jdowtypa@wix.com,Male,82
912,Ami,Michelin,amichelinpb@ustream.tv,Female,59
913,Benjamen,Duetschens,bduetschenspc@goodreads.com,Male,89
914,Neddy,Trapp,ntrapppd@army.mil,Male,39
915,Dennis,Partlett,dpartlettpe@eepurl.com,Non-binary,10
916,Tawnya,Ivancevic,tivancevicpf@mit.edu,Female,73
917,Ludwig,Dripp,ldripppg@wikimedia.org,Male,17
918,Cassandry,Bausmann,cbausmannph@narod.ru,Polygender,79
919,Adda,Fidoe,afidoepi@sourceforge.net,Female,52
920,Zebadiah,Iddons,ziddonspj@nature.com,Male,84
921,Fielding,Doole,fdoolepk@exblog.jp,Male,39
922,Lynne,Brotherheed,lbrotherheedpl@google.ca,Female,17
923,Lorilee,Canning,lcanningpm@elegantthemes.com,Female,53
924,Katharina,Ballance,kballancepn@google.com.br,Bigender,58
925,Ashlie,Filippucci,afilippuccipo@hatena.ne.jp,Female,38
926,Morgana,Adds,maddspp@over-blog.com,Female,46
927,Ofilia,Bosomworth,obosomworthpq@soundcloud.com,Female,44
928,Lucius,Hansom,lhansompr@home.pl,Male,3
929,Allie,Dosdale,adosdaleps@cbslocal.com,Male,20
930,Gilemette,Verheijden,gverheijdenpt@xinhuanet.com,Female,6
931,Chloris,Mussetti,cmussettipu@blogs.com,Female,1
932,Weider,Viger,wvigerpv@howstuffworks.com,Male,85
933,Howey,Cottham,hcotthampw@mail.ru,Male,61
934,Teodor,Sheather,tsheatherpx@tuttocitta.it,Male,4
935,Lucas,Beglin,lbeglinpy@creativecommons.org,Male,74
936,Marvin,Crigin,mcriginpz@apple.com,Male,5
937,Trude,Woolfall,twoolfallq0@comsenz.com,Female,38
938,Phaidra,Denerley,pdenerleyq1@shinystat.com,Female,51
939,Clareta,Paroni,cparoniq2@economist.com,Female,39
940,Chiarra,Yves,cyvesq3@wikia.com,Female,22
941,Modesta,Spratt,msprattq4@macromedia.com,Female,37
942,Julienne,Bice,jbiceq5@usatoday.com,Female,5
943,Eva,Godmar,egodmarq6@nasa.gov,Female,74
944,Arturo,Pisco,apiscoq7@macromedia.com,Male,38
945,Gertrudis,MacConchie,gmacconchieq8@blogs.com,Female,24
946,Katuscha,Valentinetti,kvalentinettiq9@tuttocitta.it,Polygender,60
947,Priscilla,Elby,pelbyqa@amazonaws.com,Female,71
948,Grata,Grzeszczak,ggrzeszczakqb@icio.us,Female,4
949,Atlanta,Reddie,areddieqc@bravesites.com,Female,58
950,Ganny,Greest,ggreestqd@addtoany.com,Male,54
951,Perceval,Matkovic,pmatkovicqe@mac.com,Male,30
952,Lamont,Osgood,losgoodqf@wix.com,Male,21
953,Loleta,Keays,lkeaysqg@hugedomains.com,Female,67
954,Kylen,Fright,kfrightqh@uol.com.br,Female,76
955,Prue,Masterman,pmastermanqi@vk.com,Female,32
956,Elane,Allibon,eallibonqj@paypal.com,Female,75
957,Clementine,Ivanyukov,civanyukovqk@geocities.jp,Female,14
958,Casi,Dunseith,cdunseithql@youtube.com,Female,39
959,Kirsten,Reyes,kreyesqm@army.mil,Female,62
960,Tandie,Moran,tmoranqn@nymag.com,Female,20
961,Alessandro,Fellman,afellmanqo@jiathis.com,Non-binary,25
962,Armstrong,McVie,amcvieqp@admin.ch,Male,57
963,Starla,Guilloux,sguillouxqq@stanford.edu,Female,12
964,Olva,Bertwistle,obertwistleqr@de.vu,Female,16
965,Amabelle,Goodwell,agoodwellqs@dagondesign.com,Genderqueer,40
966,Deborah,Macconaghy,dmacconaghyqt@booking.com,Non-binary,56
967,Haven,Le Borgne,hleborgnequ@nasa.gov,Male,19
968,Lazare,Hurtic,lhurticqv@netlog.com,Male,77
969,Winny,Southan,wsouthanqw@ifeng.com,Female,9
970,Fanchette,Doughtery,fdoughteryqx@vkontakte.ru,Female,16
971,Melodie,Abramsky,mabramskyqy@usatoday.com,Female,10
972,Dolley,Kinneir,dkinneirqz@lulu.com,Female,53
973,Edie,Samuel,esamuelr0@hc360.com,Female,42
974,Meredeth,McQuorkell,mmcquorkellr1@odnoklassniki.ru,Male,90
975,Albert,Nurcombe,anurcomber2@unesco.org,Male,66
976,Humfried,Brozsset,hbrozssetr3@slideshare.net,Male,85
977,Ida,Grunguer,igrunguerr4@tinyurl.com,Female,39
978,Correna,Raxworthy,craxworthyr5@home.pl,Polygender,78
979,Myriam,Artharg,marthargr6@opera.com,Female,9
980,Herculie,Goodoune,hgoodouner7@deliciousdays.com,Male,83
981,Jessy,Eble,jebler8@who.int,Female,81
982,Casey,Densie,cdensier9@wired.com,Male,54
983,Iggy,Andres,iandresra@hostgator.com,Male,1
984,Yuri,Benedetti,ybenedettirb@msn.com,Male,5
985,Sven,O'Scully,soscullyrc@shareasale.com,Male,65
986,Ram,Athersmith,rathersmithrd@trellian.com,Male,87
987,Shandra,Bocock,sbocockre@printfriendly.com,Female,17
988,Moll,Elven,melvenrf@sitemeter.com,Female,41
989,Hobard,Rolf,hrolfrg@godaddy.com,Non-binary,67
990,Valentia,Norton,vnortonrh@china.com.cn,Female,70
991,Janis,Dusting,jdustingri@multiply.com,Female,35
992,Bancroft,Stoggles,bstogglesrj@yellowpages.com,Male,48
993,Whitby,Gent,wgentrk@exblog.jp,Male,70
994,Madison,Jeandeau,mjeandeaurl@columbia.edu,Male,68
995,Woody,Wooffinden,wwooffindenrm@intel.com,Male,85
996,Roxana,Verrick,rverrickrn@who.int,Female,50
997,Bette,Senescall,bsenescallro@wordpress.org,Non-binary,43
998,Conrado,Fanthome,cfanthomerp@examiner.com,Male,75
999,Eugene,Spriddle,espriddlerq@wikimedia.org,Male,30
1000,Fawn,Davison,fdavisonrr@mozilla.com,Female,78
